-- phpMyAdmin SQL Dump
-- version 4.9.0.1
-- https://www.phpmyadmin.net/
--
-- Хост: 127.0.0.1
-- Время создания: Июл 09 2019 г., 17:53
-- Версия сервера: 10.3.16-MariaDB
-- Версия PHP: 7.3.6

SET SQL_MODE = "NO_AUTO_VALUE_ON_ZERO";
SET AUTOCOMMIT = 0;
START TRANSACTION;
SET time_zone = "+00:00";


/*!40101 SET @OLD_CHARACTER_SET_CLIENT=@@CHARACTER_SET_CLIENT */;
/*!40101 SET @OLD_CHARACTER_SET_RESULTS=@@CHARACTER_SET_RESULTS */;
/*!40101 SET @OLD_COLLATION_CONNECTION=@@COLLATION_CONNECTION */;
/*!40101 SET NAMES utf8mb4 */;

--
-- База данных: `student_social_network`
--

-- --------------------------------------------------------

--
-- Структура таблицы `account`
--

CREATE TABLE `account` (
  `id` int(11) NOT NULL,
  `first_name` varchar(100) NOT NULL,
  `last_name` varchar(100) NOT NULL,
  `patronymic` varchar(100) NOT NULL,
  `email` varchar(200) NOT NULL,
  `personal_info_id` int(11) NOT NULL,
  `blocked` tinyint(1) NOT NULL DEFAULT 0,
  `role` varchar(100) DEFAULT NULL,
  `password_hash` text NOT NULL,
  `settings_id` int(11) NOT NULL,
  `group_id` int(11) NOT NULL
) ENGINE=InnoDB DEFAULT CHARSET=utf8;

--
-- Дамп данных таблицы `account`
--

INSERT INTO `account` (`id`, `first_name`, `last_name`, `patronymic`, `email`, `personal_info_id`, `blocked`, `role`, `password_hash`, `settings_id`, `group_id`) VALUES
(6, 'Влад', 'Овсиенко', 'Витальевич', 'admin@mail.ru', 7, 0, 'admin', 'dde464252a875322659d412d3b5411e9', 7, 9),
(22, 'Инесса', 'Качурина', 'Данииловна', 'user1@mail.ru', 23, 1, 'user', 'e919a5991984f69a3eb99b584a80980b', 23, 1),
(23, 'Мир', 'Сытников', 'Адамович', 'user2@mail.ru', 24, 0, 'user', '725853e6cd4cb98ac035e081b8eeb9b9', 24, 10),
(24, 'Юрий', 'Богоявленский', 'Вячеславович', 'user3@mail.ru', 25, 0, 'user', 'ffb22a2653c5dce262cdd12f4d730fe1', 25, 5),
(25, 'Оксана', 'Ростова', 'Казимировна', 'user4@mail.ru', 26, 0, 'user', 'e07436029b3ea56cd479a827c9c7610a', 26, 5),
(26, 'Елизар', 'Юрков', 'Иванович', 'user5@mail.ru', 27, 0, 'user', '56a25517a1f532463bcca3b581250ee6', 27, 7),
(27, 'Лилия', 'Сизый', 'Алексеевна', 'user6@mail.ru', 28, 0, 'user', '13c6832977ea42d4ef7446621a855edf', 28, 6),
(28, 'Агафья', 'Гачегова', 'Марковна', 'user7@mail.ru', 29, 0, 'user', 'dbe8002f6e78a36868dd14f138adedb8', 29, 10),
(29, 'Соломон', 'Кутяков', 'Феоктистович', 'user8@mail.ru', 30, 0, 'user', '12980127e8d208bebda1690601df813d', 30, 2),
(30, 'Оксана', 'Запорожеца', 'Ивановна', 'user9@mail.ru', 31, 0, 'user', '575d3964e0e4e1d1afde0ed4f0196343', 31, 8),
(31, 'Рената', 'Зарица', 'Ивановна', 'user10@mail.ru', 32, 0, 'user', '675bec6b4f467901d18787cba4bf903b', 32, 4),
(32, 'Христина', 'Щербакова', 'Кузьмевна', 'user11@mail.ru', 33, 0, 'user', 'bb58ce544cab426a34e7382a808b3995', 33, 10),
(33, 'Бронислава', 'Кортнева', 'Владиленовна', 'user12@mail.ru', 34, 0, 'user', '89456d2c7e152f79bc5a2a7605f13093', 34, 4),
(34, 'Семён', 'Свечин', 'Андриянович', 'user13@mail.ru', 35, 0, 'admin', 'ff1feb7a1ce48a0af95400958db209f7', 35, 9),
(35, 'Кирилл', 'Кутепов', 'Филимонович', 'user14@mail.ru', 36, 0, 'user', '0af8c38b4ab6d4eaf4545a536da18545', 36, 10),
(36, 'Вера', 'Марьина', 'Вячеславовна', 'user15@mail.ru', 37, 0, 'user', '0af8c38b4ab6d4eaf4545a536da18545', 37, 5),
(37, 'Эмилия', 'Яковиченко', 'Ростиславовна', 'user16@mail.ru', 38, 0, 'user', '0af8c38b4ab6d4eaf4545a536da18545', 38, 1),
(38, 'Тамара', 'Жарыхина', 'Феликсовна', 'user17@mail.ru', 39, 0, 'user', '0af8c38b4ab6d4eaf4545a536da18545', 39, 1),
(39, 'Дина', 'Масмеха', 'Глебовна', 'user18@mail.ru', 40, 0, 'user', '0af8c38b4ab6d4eaf4545a536da18545', 40, 8),
(40, 'Артур', 'Халтурин', 'Платонович', 'user19@mail.ru', 41, 0, 'user', '0af8c38b4ab6d4eaf4545a536da18545', 41, 4),
(41, 'Дарья', 'Жикина', 'Мироновна', 'user20@mail.ru', 42, 0, 'admin', 'cd1792acdcdb3bdd1aabfe067f030c9a', 42, 9),
(42, 'Администратор', 'SSN', '-', 'admin-main@mail.ru', 43, 0, 'admin', 'dde464252a875322659d412d3b5411e9', 43, 9),
(43, 'Тарас', 'Иващенко', 'Анатольевич', 'taras@mail.com', 44, 0, 'user', '6d653f17b4e0408844fe7403998f3a62', 44, 1),
(44, 'Маруся', 'Фолько', 'Инокентевна', 'ponchik@mail.com', 45, 0, 'user', '1e782a8388a17309520652797ff79a3e', 45, 4);

-- --------------------------------------------------------

--
-- Структура таблицы `account_conversation`
--

CREATE TABLE `account_conversation` (
  `id` int(11) NOT NULL,
  `account_id` int(11) NOT NULL,
  `conversation_id` int(11) NOT NULL
) ENGINE=InnoDB DEFAULT CHARSET=utf8;

--
-- Дамп данных таблицы `account_conversation`
--

INSERT INTO `account_conversation` (`id`, `account_id`, `conversation_id`) VALUES
(251, 6, 50),
(254, 6, 51),
(255, 28, 51),
(256, 26, 51),
(257, 24, 51),
(258, 23, 51),
(259, 34, 50),
(260, 42, 50),
(261, 25, 50),
(262, 43, 52),
(263, 23, 52),
(264, 6, 52);

-- --------------------------------------------------------

--
-- Структура таблицы `account_ip`
--

CREATE TABLE `account_ip` (
  `id` int(11) NOT NULL,
  `ip_address` varchar(300) NOT NULL,
  `account_id` int(11) NOT NULL
) ENGINE=InnoDB DEFAULT CHARSET=utf8;

--
-- Дамп данных таблицы `account_ip`
--

INSERT INTO `account_ip` (`id`, `ip_address`, `account_id`) VALUES
(36, '188.163.46.192', 6),
(37, '188.163.46.192', 43),
(39, '72.35.247.136', 6),
(40, '188.163.46.192', 36),
(41, '188.163.46.192', 35),
(42, '188.163.46.192', 37),
(43, '188.163.46.192', 38),
(44, '188.163.46.192', 39),
(45, '188.163.46.192', 40);

-- --------------------------------------------------------

--
-- Структура таблицы `black_list`
--

CREATE TABLE `black_list` (
  `id` int(11) NOT NULL,
  `user_black_list_id` int(11) NOT NULL,
  `account_id` int(11) NOT NULL
) ENGINE=InnoDB DEFAULT CHARSET=utf8;

--
-- Дамп данных таблицы `black_list`
--

INSERT INTO `black_list` (`id`, `user_black_list_id`, `account_id`) VALUES
(12, 39, 6),
(13, 40, 6),
(14, 41, 6),
(1, 23, 34),
(2, 30, 34);

-- --------------------------------------------------------

--
-- Структура таблицы `conversation`
--

CREATE TABLE `conversation` (
  `id` int(11) NOT NULL,
  `account_author_id` int(11) NOT NULL,
  `name` varchar(300) NOT NULL,
  `created` datetime NOT NULL,
  `photo_path` varchar(1000) NOT NULL,
  `date_change` datetime NOT NULL
) ENGINE=InnoDB DEFAULT CHARSET=utf8;

--
-- Дамп данных таблицы `conversation`
--

INSERT INTO `conversation` (`id`, `account_author_id`, `name`, `created`, `photo_path`, `date_change`) VALUES
(50, 6, 'Беседа на двоих', '2019-07-02 20:08:05', 'db/photos/conversation.jpg', '2019-07-03 08:33:29'),
(51, 6, 'Беседа интеллектуалов', '2019-07-02 20:47:09', 'db/photos/conversation51.jpg', '2019-07-02 20:47:09'),
(52, 43, 'Поклонники Тараса', '2019-07-09 13:38:10', 'db/photos/conversation52.jpg', '2019-07-09 13:39:02');

-- --------------------------------------------------------

--
-- Структура таблицы `dialog`
--

CREATE TABLE `dialog` (
  `id` int(11) NOT NULL,
  `from_id` int(11) NOT NULL,
  `to_id` int(11) NOT NULL,
  `date_change` datetime NOT NULL
) ENGINE=InnoDB DEFAULT CHARSET=utf8;

--
-- Дамп данных таблицы `dialog`
--

INSERT INTO `dialog` (`id`, `from_id`, `to_id`, `date_change`) VALUES
(18, 6, 27, '2019-07-02 20:17:44'),
(19, 6, 23, '2019-07-03 09:00:33'),
(20, 6, 24, '2019-07-03 09:01:13'),
(21, 6, 25, '2019-07-02 20:15:09'),
(22, 6, 26, '2019-07-02 20:15:41'),
(23, 6, 28, '2019-07-02 20:18:14'),
(24, 6, 29, '2019-07-03 08:42:13'),
(25, 6, 38, '2019-07-03 08:41:54'),
(26, 6, 42, '2019-07-02 20:25:22'),
(27, 34, 6, '2019-07-03 08:45:19'),
(28, 25, 23, '2019-07-03 09:08:44'),
(29, 43, 6, '2019-07-09 14:09:33');

-- --------------------------------------------------------

--
-- Структура таблицы `favorite`
--

CREATE TABLE `favorite` (
  `id` int(11) NOT NULL,
  `user_id` int(11) NOT NULL,
  `favorite_id` int(11) NOT NULL
) ENGINE=InnoDB DEFAULT CHARSET=utf8;

--
-- Дамп данных таблицы `favorite`
--

INSERT INTO `favorite` (`id`, `user_id`, `favorite_id`) VALUES
(4, 34, 23),
(5, 34, 27),
(6, 34, 30),
(7, 34, 22),
(57, 6, 29),
(58, 6, 30),
(62, 6, 32),
(63, 6, 33),
(65, 6, 35),
(66, 6, 36),
(67, 6, 41),
(72, 6, 25),
(75, 27, 6),
(77, 6, 42),
(79, 6, 40),
(82, 6, 34),
(83, 6, 27),
(84, 6, 23),
(85, 6, 24),
(86, 6, 26),
(87, 6, 28),
(88, 25, 6),
(89, 43, 6),
(90, 43, 23);

-- --------------------------------------------------------

--
-- Структура таблицы `file`
--

CREATE TABLE `file` (
  `id` int(11) NOT NULL,
  `account_id` int(11) NOT NULL,
  `file_name` varchar(200) NOT NULL,
  `datetime_add` datetime NOT NULL,
  `path` varchar(1000) NOT NULL,
  `file_size_bytes` int(11) NOT NULL
) ENGINE=InnoDB DEFAULT CHARSET=utf8;

--
-- Дамп данных таблицы `file`
--

INSERT INTO `file` (`id`, `account_id`, `file_name`, `datetime_add`, `path`, `file_size_bytes`) VALUES
(12, 6, 'PhpStorm-2018.2-key.zip', '2019-03-17 18:59:37', 'db/files/6/PhpStorm-2018.2-key.zip', 782500),
(18, 6, 'Неплохие браузеры.txt', '2019-06-22 19:43:05', 'db/files/6/Неплохие браузеры.txt', 58),
(19, 6, 'myrar.rar', '2019-07-02 17:39:21', 'db/files/6/myrar.rar', 31731),
(20, 6, 'Это очень важная инфа.docx', '2019-07-02 17:46:02', 'db/files/6/Это очень важная инфа.docx', 12833),
(21, 6, 'Слив пентагона.pptx', '2019-07-02 17:47:43', 'db/files/6/Слив пентагона.pptx', 35139),
(22, 6, 'Тут циферки .xlsx', '2019-07-02 17:51:54', 'db/files/6/Тут циферки .xlsx', 8408),
(23, 6, 'Умная книжка.pdf', '2019-07-02 17:53:53', 'db/files/6/Умная книжка.pdf', 23892),
(24, 6, 'Умная книжка.docx', '2019-07-02 17:54:48', 'db/files/6/Умная книжка.docx', 12778);

-- --------------------------------------------------------

--
-- Структура таблицы `group`
--

CREATE TABLE `group` (
  `id` int(11) NOT NULL,
  `name` varchar(200) NOT NULL
) ENGINE=InnoDB DEFAULT CHARSET=utf8;

--
-- Дамп данных таблицы `group`
--

INSERT INTO `group` (`id`, `name`) VALUES
(9, 'Администрация'),
(2, 'ЕКО 15-П-1'),
(8, 'ЕКО 15-П-2'),
(3, 'ЕКО 80-13'),
(10, 'Преподаватели'),
(7, 'РЕК 1-А-2'),
(5, 'РЕК 2-А-1'),
(1, 'РЕТ-32'),
(6, 'ФОТ 3-1-3'),
(4, 'ФОТ 3-1-4');

-- --------------------------------------------------------

--
-- Структура таблицы `message`
--

CREATE TABLE `message` (
  `id` int(11) NOT NULL,
  `dialog_id` int(11) DEFAULT NULL,
  `conversation_id` int(11) DEFAULT NULL,
  `sender_id` int(11) NOT NULL,
  `recipient_id` int(11) DEFAULT NULL,
  `text` text DEFAULT NULL,
  `photo_path` varchar(1000) DEFAULT NULL,
  `date_send` datetime NOT NULL,
  `viewed` tinyint(1) NOT NULL DEFAULT 0,
  `files` text DEFAULT NULL,
  `video_youtube` varchar(400) DEFAULT NULL
) ENGINE=InnoDB DEFAULT CHARSET=utf8;

--
-- Дамп данных таблицы `message`
--

INSERT INTO `message` (`id`, `dialog_id`, `conversation_id`, `sender_id`, `recipient_id`, `text`, `photo_path`, `date_send`, `viewed`, `files`, `video_youtube`) VALUES
(557, 18, NULL, 6, 27, 'Привет!', '', '2019-07-01 11:46:45', 0, NULL, NULL),
(558, 18, NULL, 6, 27, 'Тест', '', '2019-07-01 11:47:05', 0, NULL, NULL),
(559, NULL, 50, 6, NULL, 'Приветствую всех!', '', '2019-07-02 20:08:05', 0, NULL, NULL),
(560, 18, NULL, 6, 27, 'Как дела?', '', '2019-07-02 20:10:23', 0, NULL, NULL),
(561, 19, NULL, 6, 23, 'Как жизнь?', '', '2019-07-02 20:13:58', 1, NULL, NULL),
(562, 20, NULL, 6, 24, 'Юрий!!!', '', '2019-07-02 20:14:42', 1, NULL, NULL),
(563, 21, NULL, 6, 25, 'Ты тут?', '', '2019-07-02 20:15:09', 0, NULL, NULL),
(564, 22, NULL, 6, 26, 'Привет!', '', '2019-07-02 20:15:41', 0, NULL, NULL),
(565, 18, NULL, 6, 27, 'Привет.', '', '2019-07-02 20:17:44', 0, NULL, NULL),
(566, 23, NULL, 6, 28, 'Привет!', '', '2019-07-02 20:18:14', 0, NULL, NULL),
(567, 24, NULL, 6, 29, 'Привет Соломон!!!', '', '2019-07-02 20:18:33', 0, NULL, NULL),
(568, 25, NULL, 6, 38, 'Что делаешь?!', '', '2019-07-02 20:22:20', 0, NULL, NULL),
(569, 26, NULL, 6, 42, 'У меня есть вопросы по поводу работы сайта...', '', '2019-07-02 20:23:40', 0, NULL, NULL),
(570, 26, NULL, 6, 42, 'Давайте обсудим нашу жизнь', '', '2019-07-02 20:25:22', 0, NULL, NULL),
(571, NULL, 51, 6, NULL, 'Приветствую всех!', '', '2019-07-02 20:47:09', 0, NULL, NULL),
(572, NULL, 50, 6, NULL, '123', '', '2019-07-02 21:11:19', 0, '25|', NULL),
(573, NULL, 50, 34, NULL, 'Был(а) добавлен(а) в беседу', '', '2019-07-03 08:30:41', 0, NULL, NULL),
(574, NULL, 50, 6, NULL, 'Привет Семён!', '', '2019-07-03 08:31:37', 0, NULL, NULL),
(577, 25, NULL, 6, 38, 'Хай! &amp;:9 ', '', '2019-07-03 08:41:54', 0, NULL, NULL),
(578, 24, NULL, 6, 29, 'Соломон! Ты тут?! &amp;5:55 ', '', '2019-07-03 08:42:13', 0, NULL, NULL),
(579, 27, NULL, 34, 6, 'Дарова!', '', '2019-07-03 08:45:19', 0, NULL, NULL),
(580, 19, NULL, 23, 6, 'Хорошо. Сам как? &amp;5:57 ', '', '2019-07-03 09:00:33', 1, NULL, NULL),
(581, 20, NULL, 24, 6, 'Что случилось?', '', '2019-07-03 09:01:01', 0, NULL, NULL),
(582, 20, NULL, 24, 6, 'Ты где? &amp;8:89 ', '', '2019-07-03 09:01:13', 0, NULL, NULL),
(583, 28, NULL, 25, 23, 'Халло!', '', '2019-07-03 09:08:44', 0, NULL, NULL),
(584, 29, NULL, 43, 6, 'Халло Влад! Помнишь меня Тараса?))', '', '2019-07-09 13:36:28', 1, NULL, NULL),
(585, NULL, 52, 43, NULL, 'Приветствую всех!', '', '2019-07-09 13:38:10', 0, NULL, NULL),
(586, NULL, 52, 43, NULL, 'Я Тарас! Смотрите на меня! &amp;5:55 ', '', '2019-07-09 13:39:02', 0, NULL, NULL),
(587, 29, NULL, 6, 43, 'Ага. Да. &amp;:9 ', '', '2019-07-09 14:09:33', 0, NULL, NULL);

-- --------------------------------------------------------

--
-- Структура таблицы `message_no_viewed`
--

CREATE TABLE `message_no_viewed` (
  `id` int(11) NOT NULL,
  `conversation_id` int(11) DEFAULT NULL,
  `dialog_id` int(11) DEFAULT NULL,
  `message_id` int(11) NOT NULL,
  `recipient_account_id` int(11) NOT NULL
) ENGINE=InnoDB DEFAULT CHARSET=utf8;

--
-- Дамп данных таблицы `message_no_viewed`
--

INSERT INTO `message_no_viewed` (`id`, `conversation_id`, `dialog_id`, `message_id`, `recipient_account_id`) VALUES
(490, 50, NULL, 559, 42),
(491, 50, NULL, 559, 25),
(492, 51, NULL, 571, 28),
(493, 51, NULL, 571, 26),
(494, 51, NULL, 571, 24),
(495, 51, NULL, 571, 23),
(496, 50, NULL, 572, 42),
(497, 50, NULL, 572, 25),
(500, 50, NULL, 574, 42),
(501, 50, NULL, 574, 25),
(508, 52, NULL, 585, 23),
(509, 52, NULL, 585, 6),
(510, 52, NULL, 586, 23),
(511, 52, NULL, 586, 6);

-- --------------------------------------------------------

--
-- Структура таблицы `news`
--

CREATE TABLE `news` (
  `id` int(11) NOT NULL,
  `author_id` int(11) NOT NULL,
  `theme` varchar(1500) NOT NULL,
  `description` varchar(5000) NOT NULL,
  `image_path` varchar(1000) DEFAULT NULL,
  `datetime_add` datetime NOT NULL,
  `video_link` varchar(100) DEFAULT NULL,
  `event_date` datetime DEFAULT NULL,
  `event_description` varchar(200) DEFAULT NULL,
  `poll_id` int(11) DEFAULT NULL
) ENGINE=InnoDB DEFAULT CHARSET=utf8;

--
-- Дамп данных таблицы `news`
--

INSERT INTO `news` (`id`, `author_id`, `theme`, `description`, `image_path`, `datetime_add`, `video_link`, `event_date`, `event_description`, `poll_id`) VALUES
(5, 6, 'Приглашаем вас принять участие в крутом мастер-классе Екатерины Говорухи по художественной съемке.', 'На мастер-классе мы не будем слишком углубляться в настройки фотоаппарата, его устройство и технические особенности. В этот день мы будем говорить о творчестве, идее, вдохновении и реализовывать свои поставленные задачи.\r\nВажно понимать, что фотография -это не только камера в Ваших руках! Фотография, это изображения, которое формируется в Вашем воображении.', 'db/photos/news5.jpg', '2018-10-27 21:58:47', 'xFa2_PVMeDQ', NULL, NULL, NULL),
(6, 6, 'UA.SC 2018 – третья всеукраинская конференция по ИТ-безопасности', '28 ноября 2018 года состоится третья всеукраинская конференция по ИТ-безопасности UA.SC.\r\n\r\n \r\n\r\nМесто проведения: Украина, Киев, Конгресс-холл Космополит\r\n\r\nАудитория: владельцы бизнеса, руководители IT-отделов, руководители департаментов информационной безопасности, технические специалисты, системные администраторы, новички в сфере IT.', 'db/photos/news6.jpg', '2018-10-27 21:59:42', NULL, NULL, NULL, NULL),
(7, 6, 'Приглашаем на семинар “Видеомаркетинг — как его применять и зачем это нужно маркетологу”', 'Уважаемые студенты Компьютерной Академии ШАГ!\r\n\r\nРады пригласить Вас на семинар “Видеомаркетинг — как его применять и зачем это нужно маркетологу”\r\n\r\nСеминар будет полезен маркетологам, студентам курса “Интернет маркетинг” и каждому, кто интересуется продвижением. ', 'db/photos/news7.jpg', '2018-10-27 22:00:21', NULL, NULL, NULL, NULL),
(13, 6, 'Семинар', 'В программе семинара:\r\n\r\nДизайн маркетинга: брендинг, дизайн интерфейсов для бизнес-задач, социальные сети.\r\nМаркетинг дизайна: продажа дизайна как услуги.\r\nКому это будет интересно:\r\n\r\nтем, кто увлекается дизайном или маркетингом;\r\nтем, кто хочет улучшить маркетинг благодаря дизайну;\r\nтем, кто хочет продвигать дизайн благодаря маркетингу.\r\nСпикер: Марина Яланская, маркетолог и контент-стратег диджитал-агентства Tubik Studio.\r\n\r\n \r\n\r\nКогда: 18 октября в 18:00\r\n\r\nГде: Компьютерная Академия ШАГ, конференц зал\r\n\r\nВход свободный, по предварительной регистрации.', 'db/photos/news13.jpg', '2018-11-04 13:47:02', NULL, NULL, NULL, NULL),
(31, 6, 'Друзья, только для студентов Компьютерной Академии Шаг можно получить скидку -30%', 'Друзья, только для студентов Компьютерной Академии Шаг можно получить скидку -30% на любую из 18 топовых квест-комнат сети Xroom - наших новых партнеров, чьи квесты посещают многие известные личности Днепра.\r\n\r\nПри бронировании укажите промокод «Шаг2018».\r\n\r\nВсе сюжеты и отзывы на сайте https://xroom.com.ua/ ', NULL, '2018-11-08 15:57:59', NULL, '2019-08-23 20:20:00', 'Ул. Косиора 26', NULL),
(52, 6, 'Q&amp;A мероприятие', 'Привіт, майбутній дизайнер!\r\n\r\nУ нас для тебе є пропозиція, від якої неможливо відмовитись – інтернатура в компанії SoftServe!\r\n\r\nЯкщо тобі цікава можливість навчатись та працювати в крутій дизайн-тімі, ми запрошуємо тебе на Q&amp;A-session з дизайнерами SoftServe.\r\n\r\nКоли? 18 грудня, 17:00\r\n\r\nРеєстрація на подію є обов’язковою: http://bit.ly/2PhnxtV', 'db/photos/news52.jpg', '2018-12-22 20:53:31', NULL, '2019-08-23 18:00:00', 'Ул. Карла Маркса 101', NULL),
(88, 6, 'Заработок в Европе все более и более становится привлекательным для украинцев. ', 'Зарплата в евро, возможность в короткий срок существенно нарастить капитал, накопить деньги на покупку жилья и авто.\r\nНо как получить легальные документы и хорошую работу? .... а языковой барьер?\r\n\r\nТЕПЕРЬ это все не проблема, ведь мы открываем программу &quot;Окно в Европу&quot;. Этот проект создан для интеграции и трудоустройства украинцев в Европейские IT-компании.\r\n\r\nНЕ УПУСТИ СВОЙ ШАНС!\r\nПриходи на День открытых дверей, посвященный проекту &quot;Окно в Европу&quot; с участием представителей Академии ШАГ из Польши и Чехии.\r\n\r\nВ программе мероприятия:\r\n- Презентация проекта &quot;Окно в Европу&quot;\r\n- Способы получения карты и вида на жительство\r\n- Советы для будущих иностранцев\r\n- IT компании для трудоустройства в Европе\r\n- Какие навыки требуются в IT вакансиях стран ЕС\r\n- Презентация образовательных программ\r\n- Индивидуальные консультации', 'db/photos/news88.jpg', '2019-07-02 19:11:52', NULL, '2019-07-15 10:00:00', 'ул. Телевизионная, 4а (конференц зал)', 36),
(89, 6, 'Новый конкурс!', 'Предлагаем немного выдохнуть и сменить обстановку.\r\nСчитаем, что для этого задания идеально подойдет Лазертаг-Пейнтбол Клуб &quot;1-й Легион&quot;!\r\n\r\nДля того, чтобы не добавлять вам сложных задач, решили сделать невероятно простые условия участия в конкурсе.\r\n\r\nА именно:\r\n\r\n1. Лайкни этот пост \r\n2. Подпишись на страничку ребят Лазертаг-Пейнтбол Клуб &quot;1-й Легион&quot;\r\n3. Поставь лайк любым 4м понравившимся публикациям на странице «1го Легиона»\r\n4. Жди розыгрыш, который состоится 13 мая.\r\nПобедитель будет выбран способом случайных чисел (рандомно).\r\n\r\nА теперь о главном…ПРИЗ!!!\r\n\r\nКоманда клуба “1-й Легион” наградит победителя сертификатом на игру для 12 человек!\r\n\r\nДля 12, Карл!!!????\r\n\r\nТы все еще считаешь, что главное не победа, а участие?! Не трать на это время, выполняй условия, побеждай и развлекайся с друзьями в лучшем развлекательном центре - Лазертаг-Пейнтбол Клуб &quot;1-й Легион&quot;.', NULL, '2019-07-02 19:13:12', NULL, NULL, NULL, NULL),
(90, 6, 'Это место, где рождаются незабываемые эмоции , яркие впечатления, а семьи, команды друзей и коллег, становятся ближе и сплочённее! ', 'Каждый, кто хочет полезно, весело и драйвово провести время — найдет себе здесь игру по вкусу!\r\n\r\nНа ваш выбор:\r\n\r\nПейнтбол и кидбол — насколько вы меткий и как хорошо умеете работать в команде? Покажет отличная партия!\r\nЛазертаг — игра, в которой используются электронные макеты оружия, захватит вас с первых секунд!\r\nАрчеритаг — поединки на луках. Увлекательное и совсем новое развлечение!\r\nКвесты — ребята приготовили для вас сложную и интригующую задачу… Успеете разгадать пока время не вышло?\r\nИнтерактивные игры — захватывающие испытания в настоящей и виртуальной реальности!\r\nВыездные игры — скажите время и место… И они все организуют!\r\nФорт Боярд — изюминка центра. Игра по мотивам культового шоу!\r\nСупер герои Трансформер, Хищник, Терминатор, внезапно появляющиеся в лазертаг боях, могут также приехать к вам в гости, чтобы поздравить с Днем Рождения или просто удивить гостей любого праздника! \r\nСвоя необыкновенно вкусная кухня, отточенная под вкусы и предпочтения каждого гостя! \r\nКлуб “1-й Легион” — место, где создаются развлечения для взрослых и детей, девушек и парней!\r\n\r\nP.S.: А еще у ребят есть три абсолютно разные по своей атмосфере локации: \r\nОткрытая на Донецком шоссе, где есть песок, лес!\r\nУютная закрытая с ковролином и кондиционерами.\r\nИ еще одна НОВАЯ открытая неделю назад, локация на свежем воздухе, прямо у реки в садовом центре Сакура, что на Запорожском шоссе, 1. ', 'db/photos/news90.jpg', '2019-07-02 19:19:01', 'DtOwZxcfBe0', NULL, NULL, 37),
(92, 6, 'Самая большая IT-конференция Восточной Европы – iForum', '– состоится 23 мая 2019 года в Киеве.\r\n\r\nОдиннадцатый iForum откроет окно возможностей для многочисленных посетителей – в этом году организаторы ожидают более 12 тыс. участников.\r\n\r\n12000 участников, 7 направлений, экспозона новинок от IT-рынка, футуристический «Город Будущего», множество полезных знакомств и разговоров.\r\n\r\nО чем будет конференция и почему вам следует посетить iForum?\r\n\r\nГлава Оргкомитета Александр Ольшанский: iForum-2019 будет о будущем. Мир находится в точке, за которой «матрица сломается», – нас ожидают огромные изменения во всей системе от образования к технологиям. Это безумный мировой тренд, и об этом будем говорить на конференции, где появилось новое направление – «Будущее».\r\n\r\nНо главное направление iForum’а – это нетворкинг. Покупая билет, вы получаете самый демократичный доступ к наиболее интересным людям отрасли, синергия которых и создает будущее.\r\n\r\nВоспользовавшись промокодом itstep10 , вы получите скидку на билет 10%.', 'db/photos/news92.jpg', '2019-07-02 19:21:29', NULL, NULL, NULL, NULL),
(93, 6, 'Море, пальмы, IT-компании, бизнес и стартапы!', 'Главное соблюдать внутренний порядок, ведь мы открыли набор на летний IT-лагерь в Барселоне!\r\n\r\n2 недели в будущем\r\n14 дней в мире роботов, дизайна и программирования.\r\n336 часов увлекательных летних каникул в ИТ-центре Испании!\r\nВаш ребенок погрузится в инновационные технологии, познает секреты создания видео, спецэффектов, освоит продвижение на Youtube, Instagram и многое другое!\r\n\r\nВ рамках программы:\r\nповышение уровня английского;\r\nэкскурсии в инновационные компании;\r\nкруглосуточное сопровождение куратором группы;\r\nпроживание в уютном отеле;\r\nразвлекательная программа по Барселоне;\r\nпоход в один из самых крутых парков аттракционов Европы.\r\n\r\nВ стоимость входит:\r\n- Проживание в уютных номерах;\r\n- питание;\r\n- образовательная программа;\r\n- экскурсии в ИТ - компании;\r\n- культурная и развлекательная программа;\r\n- сопровождение вожатого;\r\n- транспортные расходы в Барселоне;\r\n- страховка.\r\n\r\nПодарите ребенку незабываемые каникулы в ИТ-центре Испании!\r\nВозраст детей: 11-16 лет.\r\n\r\nКоличество мест ограничено.\r\n\r\nДетали по номерам:\r\n(056) 766-07-88\r\n(098) 909-88-08\r\n(073) 797-88-08\r\n(099) 600-66-77', 'db/photos/news93.jpg', '2019-07-02 19:24:20', NULL, '2019-07-26 13:25:00', 'Академии пр-т Дмитрия Яворницкого, 101', NULL),
(94, 6, 'График консультаций', 'ВТ. 18:00 – 19:30 ул. Телевизионная 4а,  ауд. 209. Педько Евгений Петрович  &quot;Основы Информационных технологий, Конфигурирование Windows 10, Безопасность компьютерных сетей и систем, Коммутация\r\nв локальных сетях, базовый 7.0.0.,Коммутация в локальных сетях, базовый SWITCH1, Коммутация в локальных сетях, расширенный,Коммутация в локальных сетях, расширенный 7.0.0., Маршрутизация в IP сетях, базовый,Маршрутизация в IP сетях, расширенный, Маршрутизация в IP сетях, расширенный 7.0.0.,Прикладные протоколы и службы стека TCP/IP, Прикладные протоколы и службы стека TCP/IP 7.0.0.Структурированные\r\nкабельные системы, Использование Microsoft Azure при разработке приложений&quot;\r\n\r\nСР. 15:00-16:20пр. Д.Яворницкого, 101  ауд. 9  Паршиков Олег Евгеньевич Цифровая фотография,\r\nТеория дизайна, Создание статичных веб-страниц с помощью XHTML и CSS, система управления содержимым для web сайтов, Рекламный дизайн, Основы типографики, Основы рисунка, Основы допечатной подготовки, \r\n\r\nОсновы айдентики, Основы SEO и веб-маркетинга, Основы Adobe Photoshop, Основы Adobe Illustrator, История\r\nискусства, Интерактивная анимация в Adobe Animate, Издательская система Adobe In Design, Графический редактор Adobe Photoshop 4.0.0, Графический редактор Adobe Photoshop, Графический редактор Adobe Illustrator 4.0.0, Usability и эргономика веб-страниц, UI/UX дизайн\r\n\r\nПТ. 16:30 -18:00 ул. Телевизионная 4а, ауд. 207. Паник Леонид Александрович. &quot;Основы программирования на языке С++,Объектно-ориентированное программирование с использованием языка C++ Базовый.', NULL, '2019-07-02 19:25:57', NULL, NULL, NULL, NULL);

-- --------------------------------------------------------

--
-- Структура таблицы `personal_info`
--

CREATE TABLE `personal_info` (
  `id` int(11) NOT NULL,
  `gender` varchar(50) DEFAULT NULL,
  `phone_number` varchar(50) DEFAULT NULL,
  `activities` varchar(1500) DEFAULT NULL,
  `interests` varchar(1500) DEFAULT NULL,
  `about_me` varchar(2000) DEFAULT NULL,
  `photo_path` varchar(1000) NOT NULL,
  `date_birthday` date DEFAULT NULL
) ENGINE=InnoDB DEFAULT CHARSET=utf8;

--
-- Дамп данных таблицы `personal_info`
--

INSERT INTO `personal_info` (`id`, `gender`, `phone_number`, `activities`, `interests`, `about_me`, `photo_path`, `date_birthday`) VALUES
(7, 'Мужской', '+380111111111', 'Студент.', 'Программирование...', 'Здесь должна быть информация обо мне.', 'db/photos/profile6.jpg', '1998-01-14'),
(23, 'Женский', NULL, NULL, NULL, NULL, 'db/photos/profile22.jpg', '1970-01-01'),
(24, 'Мужской', NULL, NULL, NULL, NULL, 'db/photos/profile23.jpg', '1970-01-01'),
(25, 'Мужской', NULL, NULL, NULL, NULL, 'db/photos/profile24.jpg', '1970-01-01'),
(26, 'Женский', NULL, NULL, NULL, NULL, 'db/photos/profile25.jpg', '1970-01-01'),
(27, 'Мужской', NULL, NULL, NULL, NULL, 'db/photos/profile26.jpg', '1970-01-01'),
(28, 'Женский', NULL, NULL, NULL, NULL, 'db/photos/profile27.jpg', '1970-01-01'),
(29, 'Женский', NULL, NULL, NULL, NULL, 'db/photos/1.jpg', '1970-01-01'),
(30, 'Мужской', NULL, NULL, NULL, NULL, 'db/photos/profile29.jpg', '1970-01-01'),
(31, 'Женский', NULL, NULL, NULL, NULL, 'db/photos/profile30.jpg', '1970-01-01'),
(32, 'Женский', NULL, NULL, NULL, NULL, 'db/photos/profile31.jpg', '1970-01-01'),
(33, 'Женский', NULL, NULL, NULL, NULL, 'db/photos/profile32.jpg', '1970-01-01'),
(34, 'Женский', NULL, NULL, NULL, NULL, 'db/photos/profile33.jpg', '1970-01-01'),
(35, 'Мужской', NULL, NULL, NULL, NULL, 'db/photos/profile34.jpg', '1970-01-01'),
(36, 'Мужской', '', '', '', '', 'db/photos/profile35.jpg', '1970-01-01'),
(37, 'Женский', NULL, NULL, NULL, NULL, 'db/photos/profile36.jpg', '1970-01-01'),
(38, 'Женский', NULL, NULL, NULL, NULL, 'db/photos/profile37.jpg', '1970-01-01'),
(39, 'Женский', NULL, NULL, NULL, NULL, 'db/photos/profile38.jpg', '1970-01-01'),
(40, 'Женский', NULL, NULL, NULL, NULL, 'db/photos/profile39.jpg', '1970-01-01'),
(41, 'Мужской', NULL, NULL, NULL, NULL, 'db/photos/profile40.jpg', '1970-01-01'),
(42, 'Женский', NULL, NULL, NULL, NULL, 'db/photos/profile41.jpg', '1970-01-01'),
(43, 'Мужской', '', 'Администратор сайта StudentSocialNetwork.', 'Bag fixes, site improvement.', 'Отвечаю на вопросы студентов/преподавателей, принимаю пожелания для улучшения сайта.', 'db/photos/profile42.jpg', '1970-01-01'),
(44, 'Мужской', NULL, NULL, NULL, NULL, 'db/photos/profile43.jpg', '1900-01-01'),
(45, 'Женский', NULL, NULL, NULL, NULL, 'db/photos/1.jpg', '1900-01-01');

-- --------------------------------------------------------

--
-- Структура таблицы `photo`
--

CREATE TABLE `photo` (
  `id` int(11) NOT NULL,
  `description` varchar(1000) DEFAULT NULL,
  `datetime_add` datetime NOT NULL,
  `account_id` int(11) NOT NULL,
  `path` varchar(1000) NOT NULL
) ENGINE=InnoDB DEFAULT CHARSET=utf8;

--
-- Дамп данных таблицы `photo`
--

INSERT INTO `photo` (`id`, `description`, `datetime_add`, `account_id`, `path`) VALUES
(42, '', '2018-10-27 22:10:05', 34, 'db/photos/photo42.jpg'),
(43, '', '2018-10-27 22:10:28', 34, 'db/photos/photo43.jpg'),
(44, '', '2018-10-27 22:10:45', 34, 'db/photos/photo44.jpg'),
(45, '', '2018-10-27 22:11:13', 34, 'db/photos/photo45.jpg'),
(46, '', '2018-10-27 22:11:23', 34, 'db/photos/photo46.jpg'),
(47, '', '2018-10-27 22:11:35', 34, 'db/photos/photo47.jpg'),
(48, '', '2018-10-27 22:12:03', 34, 'db/photos/photo48.jpg'),
(49, '', '2018-10-27 22:12:22', 34, 'db/photos/photo49.jpg'),
(73, 'Лебеди.', '2018-12-22 20:58:01', 6, 'db/photos/photo73.jpg'),
(74, '', '2018-12-22 20:58:26', 6, 'db/photos/photo74.jpg'),
(76, '', '2018-12-22 21:10:47', 6, 'db/photos/photo76.jpg'),
(77, '', '2018-12-22 21:11:12', 6, 'db/photos/photo77.jpg'),
(78, '', '2018-12-22 21:11:35', 6, 'db/photos/photo78.jpg'),
(79, '', '2018-12-22 21:12:21', 6, 'db/photos/photo79.jpg'),
(80, '', '2018-12-22 21:12:42', 6, 'db/photos/photo80.jpg'),
(82, '', '2018-12-22 21:13:45', 6, 'db/photos/photo82.jpg'),
(83, '', '2018-12-22 21:14:10', 6, 'db/photos/photo83.jpg'),
(84, '', '2018-12-22 21:14:37', 6, 'db/photos/photo84.jpg');

-- --------------------------------------------------------

--
-- Структура таблицы `poll`
--

CREATE TABLE `poll` (
  `id` int(11) NOT NULL,
  `theme` varchar(1500) NOT NULL,
  `anon` tinyint(1) DEFAULT 0
) ENGINE=InnoDB DEFAULT CHARSET=utf8;

--
-- Дамп данных таблицы `poll`
--

INSERT INTO `poll` (`id`, `theme`, `anon`) VALUES
(35, 'Как дела?', 0),
(36, 'Придешь?', 0),
(37, 'Что думаешь по этому поводу?', 1),
(38, 'Что нового?', 0),
(39, 'Как погода?)', 0),
(40, 'Я компрометирую ваши чувства?', 0);

-- --------------------------------------------------------

--
-- Структура таблицы `poll_answer`
--

CREATE TABLE `poll_answer` (
  `id` int(11) NOT NULL,
  `poll_id` int(11) NOT NULL,
  `answer` varchar(500) NOT NULL,
  `votes` int(11) NOT NULL DEFAULT 0
) ENGINE=InnoDB DEFAULT CHARSET=utf8;

--
-- Дамп данных таблицы `poll_answer`
--

INSERT INTO `poll_answer` (`id`, `poll_id`, `answer`, `votes`) VALUES
(69, 35, 'Плохо', 0),
(70, 35, 'Неплохо', 1),
(71, 35, 'Хорошо!', 3),
(72, 35, 'Идеально!', 2),
(73, 36, 'Да', 0),
(74, 36, 'Нет', 1),
(75, 37, 'Нравится', 0),
(76, 37, 'Очень интересно!', 1),
(77, 37, 'Ерунда', 0),
(78, 37, 'Лучше некуда', 0),
(79, 38, 'Ничего', 0),
(80, 38, 'Много чего', 1),
(81, 38, 'Не помню', 1),
(82, 39, 'Солнечно', 1),
(83, 39, 'Дождь шпарит', 0),
(84, 40, 'Нисколько', 0),
(85, 40, 'Раз в два месяца', 0),
(86, 40, 'Как обед', 0);

-- --------------------------------------------------------

--
-- Структура таблицы `poll_voted`
--

CREATE TABLE `poll_voted` (
  `id` int(11) NOT NULL,
  `account_id` int(11) NOT NULL,
  `poll_id` int(11) NOT NULL,
  `answer_id` int(11) NOT NULL
) ENGINE=InnoDB DEFAULT CHARSET=utf8;

--
-- Дамп данных таблицы `poll_voted`
--

INSERT INTO `poll_voted` (`id`, `account_id`, `poll_id`, `answer_id`) VALUES
(115, 6, 36, 74),
(116, 6, 37, 76),
(117, 6, 38, 80),
(118, 26, 39, 82),
(119, 26, 35, 70),
(120, 27, 38, 81),
(126, 27, 35, 71),
(127, 28, 35, 72),
(128, 29, 35, 72),
(129, 31, 35, 71),
(133, 6, 35, 71);

-- --------------------------------------------------------

--
-- Структура таблицы `post`
--

CREATE TABLE `post` (
  `id` int(11) NOT NULL,
  `account_from_id` int(11) NOT NULL,
  `account_to_id` int(11) NOT NULL,
  `datetime_add` datetime NOT NULL,
  `message` varchar(3000) DEFAULT NULL,
  `path_to_image` varchar(1000) DEFAULT NULL,
  `video_link` varchar(1000) DEFAULT NULL,
  `files` text DEFAULT NULL,
  `poll_id` int(11) DEFAULT NULL
) ENGINE=InnoDB DEFAULT CHARSET=utf8;

--
-- Дамп данных таблицы `post`
--

INSERT INTO `post` (`id`, `account_from_id`, `account_to_id`, `datetime_add`, `message`, `path_to_image`, `video_link`, `files`, `poll_id`) VALUES
(31, 6, 6, '2018-11-04 13:55:58', 'Совсем скоро стартует регистрация на участие в международном Чемпионате &quot;Золотой Байт 2019&quot; и у тебя есть возможность не просто принять в нем участие, но и побороться за главный приз - 500 000 грн.\r\nЗа 10 лет проведения Чемпионата, реализовано множество проектов, которые изменили жизнь к лучшему.\r\nТак же, родились новые стартапы и многие участники получили внушительные инвестиции для своих проектов.\r\nПо традиции, будет реализовано несколько номинаций, которые позволят применить полученные знания практически каждому.\r\nБольше информации можно получить на сайте - goldenbyte.org\r\nМожно привлекать своих преподавателей, они обязательно подскажут вам и помогут с возникшими трудностями на этапе подготовки.\r\nСледите за новостями!', NULL, NULL, NULL, NULL),
(129, 6, 27, '2018-12-22 11:55:28', 'Тест.\n', 'db/photos/post129.jpg', '5gyvnQnvAlI', NULL, NULL),
(168, 27, 6, '2018-12-23 18:00:59', 'Я пишу на твоей стене.', NULL, NULL, NULL, NULL),
(174, 6, 6, '2018-12-23 18:16:46', 'Тест.', NULL, NULL, NULL, NULL),
(175, 6, 34, '2019-03-23 12:26:19', 'Файл &amp;:9 ', NULL, NULL, '12|', NULL),
(200, 6, 6, '2019-03-23 13:07:28', 'Смайлик &amp;1:15 ', NULL, NULL, NULL, NULL),
(245, 6, 6, '2019-07-02 17:35:18', 'Создаю опрос! &amp;1:12 &amp;2:23 Пиуу &amp;5:55 ', 'db/photos/post245.jpg', NULL, NULL, 35),
(246, 6, 6, '2019-07-02 17:36:47', 'Глянь.', NULL, 'tgTObqt0eBA', NULL, NULL),
(247, 6, 23, '2019-07-02 20:13:18', 'Это моя запись. &amp;5:51 ', 'db/photos/post247.jpg', NULL, NULL, NULL),
(248, 6, 24, '2019-07-02 20:14:29', 'Хмм... &amp;2:29 ', NULL, NULL, NULL, NULL),
(249, 6, 25, '2019-07-02 20:14:58', 'Оксана привет! &amp;:3 &amp;2:23 ', NULL, NULL, NULL, NULL),
(250, 6, 26, '2019-07-02 20:15:31', 'Здрасте. &amp;5:55 ', NULL, NULL, NULL, NULL),
(251, 6, 27, '2019-07-02 20:17:11', 'Добавим опрос?', NULL, NULL, NULL, 38),
(252, 6, 28, '2019-07-02 20:18:04', 'Новая запись? &amp;1:15 ', NULL, NULL, NULL, NULL),
(253, 6, 29, '2019-07-02 20:18:20', 'Хэй!', NULL, NULL, NULL, NULL),
(254, 6, 30, '2019-07-02 20:18:58', 'Чего такая радостная? &amp;:7 ', NULL, NULL, NULL, NULL),
(255, 6, 31, '2019-07-02 20:19:23', 'Пам парам пам пам. &amp;5:56 ', NULL, NULL, NULL, NULL),
(256, 6, 32, '2019-07-02 20:19:47', 'Немного текста.', NULL, NULL, NULL, NULL),
(257, 6, 33, '2019-07-02 20:20:03', 'Я тоже так думаю.', NULL, NULL, NULL, NULL),
(258, 6, 35, '2019-07-02 20:21:21', 'Раз два три', NULL, NULL, NULL, NULL),
(259, 6, 36, '2019-07-02 20:21:37', 'Ахахах &amp;:8 ', NULL, NULL, NULL, NULL),
(260, 6, 37, '2019-07-02 20:21:55', '=) ', NULL, NULL, NULL, NULL),
(261, 6, 38, '2019-07-02 20:22:13', 'Еееее', NULL, NULL, NULL, NULL),
(262, 6, 39, '2019-07-02 20:22:32', ' &amp;5:55 ', NULL, NULL, NULL, NULL),
(263, 6, 40, '2019-07-02 20:22:53', ' &amp;1:10 &amp;:9 &amp;1:10 &amp;:9 ', NULL, NULL, NULL, NULL),
(264, 6, 41, '2019-07-02 20:23:09', 'Что это?', NULL, NULL, NULL, NULL),
(267, 6, 6, '2019-07-03 08:40:04', 'Это всё тебе! &amp;1:14 ', NULL, NULL, '23|22|20|', NULL),
(268, 34, 34, '2019-07-03 08:44:06', 'Влад что тут мне отправил?! Это же не лицензия!! &amp;8:84 ', NULL, NULL, NULL, NULL),
(269, 41, 41, '2019-07-03 08:46:01', 'Кто это? &amp;2:29 ', NULL, NULL, NULL, NULL),
(270, 41, 41, '2019-07-03 08:46:19', NULL, 'db/photos/post270.jpg', NULL, NULL, NULL),
(271, 42, 42, '2019-07-03 08:59:37', 'Сайт готов к работе! &amp;5:56 ', NULL, NULL, NULL, NULL),
(272, 24, 24, '2019-07-03 09:01:29', 'Не мычи, Влад.', NULL, NULL, NULL, NULL),
(273, 25, 23, '2019-07-03 09:08:33', 'Теперь и я тут.)', NULL, NULL, NULL, NULL),
(274, 25, 25, '2019-07-03 09:09:06', 'Привет!', NULL, NULL, NULL, NULL),
(275, 26, 26, '2019-07-03 09:09:33', ')))) &amp;:5 ', NULL, NULL, NULL, NULL),
(276, 26, 26, '2019-07-03 09:10:04', NULL, NULL, NULL, NULL, 39),
(277, 26, 25, '2019-07-03 09:10:44', 'Йоу.', NULL, NULL, NULL, NULL),
(278, 27, 27, '2019-07-03 09:11:21', 'Влад убери свой опрос!', NULL, NULL, NULL, NULL),
(290, 28, 28, '2019-07-03 09:27:43', 'Ага. &amp;1:12 ', NULL, NULL, NULL, NULL),
(291, 29, 29, '2019-07-03 09:28:26', 'Я Соломон, всем привет! &amp;5:57 ', NULL, NULL, NULL, NULL),
(292, 30, 30, '2019-07-03 09:29:46', 'Не скажу.)) &amp;2:24 ', NULL, NULL, NULL, 40),
(293, 31, 31, '2019-07-03 09:30:14', 'Ахахах', NULL, NULL, NULL, NULL),
(294, 43, 43, '2019-07-09 13:35:49', 'Я Тарас! Всем привет! &amp;2:23 &amp;5:57 ', NULL, NULL, NULL, NULL),
(295, 6, 43, '2019-07-09 13:41:36', 'Тарас, я уже вызвал психушку. Всё будет оке.) &amp;:4 ', NULL, NULL, NULL, NULL);

-- --------------------------------------------------------

--
-- Структура таблицы `privacy`
--

CREATE TABLE `privacy` (
  `id` int(11) NOT NULL,
  `view_my_posts` varchar(255) NOT NULL DEFAULT 'all',
  `write_post` varchar(255) NOT NULL DEFAULT 'all'
) ENGINE=InnoDB DEFAULT CHARSET=utf8;

--
-- Дамп данных таблицы `privacy`
--

INSERT INTO `privacy` (`id`, `view_my_posts`, `write_post`) VALUES
(7, 'all', 'all'),
(23, 'all', 'all'),
(24, 'all', 'all'),
(25, 'all', 'all'),
(26, 'all', 'all'),
(27, 'all', 'all'),
(28, 'all', 'all'),
(29, 'all', 'all'),
(30, 'all', 'all'),
(31, 'all', 'all'),
(32, 'all', 'all'),
(33, 'all', 'all'),
(34, 'all', 'all'),
(35, 'all', 'all'),
(36, 'all', 'all'),
(37, 'all', 'all'),
(38, 'all', 'all'),
(39, 'all', 'all'),
(40, 'all', 'all'),
(41, 'all', 'all'),
(42, 'all', 'all'),
(43, 'all', 'nobody'),
(44, 'all', 'all'),
(45, 'all', 'all');

-- --------------------------------------------------------

--
-- Структура таблицы `settings`
--

CREATE TABLE `settings` (
  `id` int(11) NOT NULL,
  `privacy_id` int(11) NOT NULL
) ENGINE=InnoDB DEFAULT CHARSET=utf8;

--
-- Дамп данных таблицы `settings`
--

INSERT INTO `settings` (`id`, `privacy_id`) VALUES
(7, 7),
(23, 23),
(24, 24),
(25, 25),
(26, 26),
(27, 27),
(28, 28),
(29, 29),
(30, 30),
(31, 31),
(32, 32),
(33, 33),
(34, 34),
(35, 35),
(36, 36),
(37, 37),
(38, 38),
(39, 39),
(40, 40),
(41, 41),
(42, 42),
(43, 43),
(44, 44),
(45, 45);

-- --------------------------------------------------------

--
-- Структура таблицы `visit_user`
--

CREATE TABLE `visit_user` (
  `account_id` int(11) NOT NULL,
  `datetime` datetime NOT NULL
) ENGINE=InnoDB DEFAULT CHARSET=utf8;

--
-- Дамп данных таблицы `visit_user`
--

INSERT INTO `visit_user` (`account_id`, `datetime`) VALUES
(6, '2019-07-09 18:44:17'),
(22, '2018-12-17 16:13:07'),
(23, '2019-07-03 09:00:35'),
(24, '2019-07-03 09:01:31'),
(25, '2019-07-03 09:09:08'),
(26, '2019-07-03 09:10:49'),
(27, '2019-07-03 09:27:25'),
(28, '2019-07-03 09:27:55'),
(29, '2019-07-03 09:28:43'),
(30, '2019-07-03 09:29:54'),
(31, '2019-07-03 09:30:22'),
(32, '2019-07-02 17:10:17'),
(33, '2019-07-02 17:11:02'),
(34, '2019-07-03 13:44:55'),
(35, '2019-07-09 18:51:17'),
(36, '2019-07-09 18:49:01'),
(37, '2019-07-09 18:49:46'),
(38, '2019-07-09 18:50:06'),
(39, '2019-07-09 18:50:41'),
(40, '2019-07-09 18:51:02'),
(41, '2019-07-03 08:59:06'),
(42, '2019-07-03 08:59:43'),
(43, '2019-07-09 13:39:20'),
(44, '1900-01-01 00:00:00');

--
-- Индексы сохранённых таблиц
--

--
-- Индексы таблицы `account`
--
ALTER TABLE `account`
  ADD PRIMARY KEY (`id`),
  ADD UNIQUE KEY `account_email_uindex` (`email`),
  ADD KEY `account_personal_info_id_index` (`personal_info_id`),
  ADD KEY `account_settings_id_index` (`settings_id`),
  ADD KEY `account_group_id_fk` (`group_id`);

--
-- Индексы таблицы `account_conversation`
--
ALTER TABLE `account_conversation`
  ADD PRIMARY KEY (`id`),
  ADD UNIQUE KEY `account_conversation_id_uindex` (`id`),
  ADD KEY `account_conversation_account_id_index` (`account_id`),
  ADD KEY `account_conversation_conversation_id_index` (`conversation_id`);

--
-- Индексы таблицы `account_ip`
--
ALTER TABLE `account_ip`
  ADD PRIMARY KEY (`id`),
  ADD UNIQUE KEY `account_ip_id_uindex` (`id`),
  ADD KEY `ips_accounts_account_id_index` (`account_id`);

--
-- Индексы таблицы `black_list`
--
ALTER TABLE `black_list`
  ADD PRIMARY KEY (`id`),
  ADD UNIQUE KEY `black_list_account_id_user_black_list_id_pk` (`account_id`,`user_black_list_id`),
  ADD KEY `black_list_account_id_index` (`account_id`),
  ADD KEY `black_list_user_black_list_id_index` (`user_black_list_id`);

--
-- Индексы таблицы `conversation`
--
ALTER TABLE `conversation`
  ADD PRIMARY KEY (`id`),
  ADD UNIQUE KEY `conversation_id_uindex` (`id`),
  ADD KEY `conversation_account_author_id_index` (`account_author_id`);

--
-- Индексы таблицы `dialog`
--
ALTER TABLE `dialog`
  ADD PRIMARY KEY (`id`),
  ADD KEY `dialog_from_id_index` (`from_id`),
  ADD KEY `dialog_to_id_index` (`to_id`);

--
-- Индексы таблицы `favorite`
--
ALTER TABLE `favorite`
  ADD PRIMARY KEY (`id`),
  ADD KEY `friend_user_id_index` (`user_id`),
  ADD KEY `friend_friend_id_index` (`favorite_id`);

--
-- Индексы таблицы `file`
--
ALTER TABLE `file`
  ADD PRIMARY KEY (`id`),
  ADD KEY `file_account_id_index` (`account_id`),
  ADD KEY `file_file_name_account_id_index` (`file_name`,`account_id`);

--
-- Индексы таблицы `group`
--
ALTER TABLE `group`
  ADD PRIMARY KEY (`id`),
  ADD KEY `group_name_index` (`name`);

--
-- Индексы таблицы `message`
--
ALTER TABLE `message`
  ADD PRIMARY KEY (`id`),
  ADD KEY `message_dialog_id_index` (`dialog_id`),
  ADD KEY `message_sender_id_index` (`sender_id`),
  ADD KEY `message_recipient_id_index` (`recipient_id`),
  ADD KEY `message_conversation_id_index` (`conversation_id`);

--
-- Индексы таблицы `message_no_viewed`
--
ALTER TABLE `message_no_viewed`
  ADD PRIMARY KEY (`id`),
  ADD KEY `message_view_message_id_index` (`message_id`),
  ADD KEY `message_view_recipient_account_id_index` (`recipient_account_id`),
  ADD KEY `message_no_viewed_conversation_id_index` (`conversation_id`),
  ADD KEY `message_no_viewed_dialog_id_index` (`dialog_id`);

--
-- Индексы таблицы `news`
--
ALTER TABLE `news`
  ADD PRIMARY KEY (`id`),
  ADD KEY `news_author_id_index` (`author_id`),
  ADD KEY `news_poll_id_index` (`poll_id`);

--
-- Индексы таблицы `personal_info`
--
ALTER TABLE `personal_info`
  ADD PRIMARY KEY (`id`),
  ADD KEY `personal_info_gender_index` (`gender`),
  ADD KEY `personal_info_phone_number_index` (`phone_number`);

--
-- Индексы таблицы `photo`
--
ALTER TABLE `photo`
  ADD PRIMARY KEY (`id`),
  ADD KEY `photo_account_id_index` (`account_id`);

--
-- Индексы таблицы `poll`
--
ALTER TABLE `poll`
  ADD PRIMARY KEY (`id`),
  ADD UNIQUE KEY `poll_id_uindex` (`id`);

--
-- Индексы таблицы `poll_answer`
--
ALTER TABLE `poll_answer`
  ADD PRIMARY KEY (`id`),
  ADD UNIQUE KEY `poll_answer_id_uindex` (`id`),
  ADD KEY `poll_answer_poll_id_index` (`poll_id`);

--
-- Индексы таблицы `poll_voted`
--
ALTER TABLE `poll_voted`
  ADD PRIMARY KEY (`id`),
  ADD UNIQUE KEY `poll_voted_id_uindex` (`id`),
  ADD KEY `poll_voted_account_id_index` (`account_id`),
  ADD KEY `poll_voted_poll_id_index` (`poll_id`),
  ADD KEY `poll_voted_answer_id_index` (`answer_id`);

--
-- Индексы таблицы `post`
--
ALTER TABLE `post`
  ADD PRIMARY KEY (`id`),
  ADD KEY `post_account_id_fk` (`account_from_id`),
  ADD KEY `post_account_id_fk_2` (`account_to_id`),
  ADD KEY `post_poll_id_index` (`poll_id`);

--
-- Индексы таблицы `privacy`
--
ALTER TABLE `privacy`
  ADD PRIMARY KEY (`id`);

--
-- Индексы таблицы `settings`
--
ALTER TABLE `settings`
  ADD PRIMARY KEY (`id`),
  ADD UNIQUE KEY `settings_privacy_id_pk` (`privacy_id`),
  ADD KEY `settings_privacy_id_index` (`privacy_id`);

--
-- Индексы таблицы `visit_user`
--
ALTER TABLE `visit_user`
  ADD PRIMARY KEY (`account_id`);

--
-- AUTO_INCREMENT для сохранённых таблиц
--

--
-- AUTO_INCREMENT для таблицы `account`
--
ALTER TABLE `account`
  MODIFY `id` int(11) NOT NULL AUTO_INCREMENT, AUTO_INCREMENT=45;

--
-- AUTO_INCREMENT для таблицы `account_conversation`
--
ALTER TABLE `account_conversation`
  MODIFY `id` int(11) NOT NULL AUTO_INCREMENT, AUTO_INCREMENT=265;

--
-- AUTO_INCREMENT для таблицы `account_ip`
--
ALTER TABLE `account_ip`
  MODIFY `id` int(11) NOT NULL AUTO_INCREMENT, AUTO_INCREMENT=46;

--
-- AUTO_INCREMENT для таблицы `black_list`
--
ALTER TABLE `black_list`
  MODIFY `id` int(11) NOT NULL AUTO_INCREMENT, AUTO_INCREMENT=17;

--
-- AUTO_INCREMENT для таблицы `conversation`
--
ALTER TABLE `conversation`
  MODIFY `id` int(11) NOT NULL AUTO_INCREMENT, AUTO_INCREMENT=53;

--
-- AUTO_INCREMENT для таблицы `dialog`
--
ALTER TABLE `dialog`
  MODIFY `id` int(11) NOT NULL AUTO_INCREMENT, AUTO_INCREMENT=30;

--
-- AUTO_INCREMENT для таблицы `favorite`
--
ALTER TABLE `favorite`
  MODIFY `id` int(11) NOT NULL AUTO_INCREMENT, AUTO_INCREMENT=92;

--
-- AUTO_INCREMENT для таблицы `file`
--
ALTER TABLE `file`
  MODIFY `id` int(11) NOT NULL AUTO_INCREMENT, AUTO_INCREMENT=30;

--
-- AUTO_INCREMENT для таблицы `group`
--
ALTER TABLE `group`
  MODIFY `id` int(11) NOT NULL AUTO_INCREMENT, AUTO_INCREMENT=11;

--
-- AUTO_INCREMENT для таблицы `message`
--
ALTER TABLE `message`
  MODIFY `id` int(11) NOT NULL AUTO_INCREMENT, AUTO_INCREMENT=588;

--
-- AUTO_INCREMENT для таблицы `message_no_viewed`
--
ALTER TABLE `message_no_viewed`
  MODIFY `id` int(11) NOT NULL AUTO_INCREMENT, AUTO_INCREMENT=512;

--
-- AUTO_INCREMENT для таблицы `news`
--
ALTER TABLE `news`
  MODIFY `id` int(11) NOT NULL AUTO_INCREMENT, AUTO_INCREMENT=95;

--
-- AUTO_INCREMENT для таблицы `personal_info`
--
ALTER TABLE `personal_info`
  MODIFY `id` int(11) NOT NULL AUTO_INCREMENT, AUTO_INCREMENT=46;

--
-- AUTO_INCREMENT для таблицы `photo`
--
ALTER TABLE `photo`
  MODIFY `id` int(11) NOT NULL AUTO_INCREMENT, AUTO_INCREMENT=86;

--
-- AUTO_INCREMENT для таблицы `poll`
--
ALTER TABLE `poll`
  MODIFY `id` int(11) NOT NULL AUTO_INCREMENT, AUTO_INCREMENT=41;

--
-- AUTO_INCREMENT для таблицы `poll_answer`
--
ALTER TABLE `poll_answer`
  MODIFY `id` int(11) NOT NULL AUTO_INCREMENT, AUTO_INCREMENT=87;

--
-- AUTO_INCREMENT для таблицы `poll_voted`
--
ALTER TABLE `poll_voted`
  MODIFY `id` int(11) NOT NULL AUTO_INCREMENT, AUTO_INCREMENT=134;

--
-- AUTO_INCREMENT для таблицы `post`
--
ALTER TABLE `post`
  MODIFY `id` int(11) NOT NULL AUTO_INCREMENT, AUTO_INCREMENT=297;

--
-- AUTO_INCREMENT для таблицы `privacy`
--
ALTER TABLE `privacy`
  MODIFY `id` int(11) NOT NULL AUTO_INCREMENT, AUTO_INCREMENT=46;

--
-- AUTO_INCREMENT для таблицы `settings`
--
ALTER TABLE `settings`
  MODIFY `id` int(11) NOT NULL AUTO_INCREMENT, AUTO_INCREMENT=46;

--
-- Ограничения внешнего ключа сохраненных таблиц
--

--
-- Ограничения внешнего ключа таблицы `account`
--
ALTER TABLE `account`
  ADD CONSTRAINT `account_group_id_fk` FOREIGN KEY (`group_id`) REFERENCES `group` (`id`),
  ADD CONSTRAINT `account_personal_info_id_fk` FOREIGN KEY (`personal_info_id`) REFERENCES `personal_info` (`id`),
  ADD CONSTRAINT `account_settings_id_fk` FOREIGN KEY (`settings_id`) REFERENCES `settings` (`id`);

--
-- Ограничения внешнего ключа таблицы `account_conversation`
--
ALTER TABLE `account_conversation`
  ADD CONSTRAINT `account_conversation_account_id_fk` FOREIGN KEY (`account_id`) REFERENCES `account` (`id`),
  ADD CONSTRAINT `account_conversation_conversation_id_fk` FOREIGN KEY (`conversation_id`) REFERENCES `conversation` (`id`);

--
-- Ограничения внешнего ключа таблицы `account_ip`
--
ALTER TABLE `account_ip`
  ADD CONSTRAINT `ips_accounts_account_id_fk` FOREIGN KEY (`account_id`) REFERENCES `account` (`id`);

--
-- Ограничения внешнего ключа таблицы `black_list`
--
ALTER TABLE `black_list`
  ADD CONSTRAINT `black_list_account_id_fk` FOREIGN KEY (`account_id`) REFERENCES `account` (`id`),
  ADD CONSTRAINT `black_list_account_id_fk_2` FOREIGN KEY (`user_black_list_id`) REFERENCES `account` (`id`);

--
-- Ограничения внешнего ключа таблицы `conversation`
--
ALTER TABLE `conversation`
  ADD CONSTRAINT `conversation_account_id_fk` FOREIGN KEY (`account_author_id`) REFERENCES `account` (`id`);

--
-- Ограничения внешнего ключа таблицы `dialog`
--
ALTER TABLE `dialog`
  ADD CONSTRAINT `dialog_account_id_fk` FOREIGN KEY (`from_id`) REFERENCES `account` (`id`),
  ADD CONSTRAINT `dialog_account_id_fk_2` FOREIGN KEY (`to_id`) REFERENCES `account` (`id`);

--
-- Ограничения внешнего ключа таблицы `favorite`
--
ALTER TABLE `favorite`
  ADD CONSTRAINT `friend_account_id_fk` FOREIGN KEY (`user_id`) REFERENCES `account` (`id`),
  ADD CONSTRAINT `friend_account_id_fk_2` FOREIGN KEY (`favorite_id`) REFERENCES `account` (`id`);

--
-- Ограничения внешнего ключа таблицы `file`
--
ALTER TABLE `file`
  ADD CONSTRAINT `file_account_id_fk` FOREIGN KEY (`account_id`) REFERENCES `account` (`id`);

--
-- Ограничения внешнего ключа таблицы `message`
--
ALTER TABLE `message`
  ADD CONSTRAINT `message_conversation_id_fk` FOREIGN KEY (`conversation_id`) REFERENCES `conversation` (`id`),
  ADD CONSTRAINT `message_dialog_id_fk` FOREIGN KEY (`dialog_id`) REFERENCES `dialog` (`id`);

--
-- Ограничения внешнего ключа таблицы `message_no_viewed`
--
ALTER TABLE `message_no_viewed`
  ADD CONSTRAINT `message_no_viewed_conversation_id_fk` FOREIGN KEY (`conversation_id`) REFERENCES `conversation` (`id`),
  ADD CONSTRAINT `message_no_viewed_dialog_id_fk` FOREIGN KEY (`dialog_id`) REFERENCES `dialog` (`id`),
  ADD CONSTRAINT `message_view_account_id_fk` FOREIGN KEY (`recipient_account_id`) REFERENCES `account` (`id`),
  ADD CONSTRAINT `message_view_message_id_fk` FOREIGN KEY (`message_id`) REFERENCES `message` (`id`);

--
-- Ограничения внешнего ключа таблицы `news`
--
ALTER TABLE `news`
  ADD CONSTRAINT `news_account_id_fk` FOREIGN KEY (`author_id`) REFERENCES `account` (`id`),
  ADD CONSTRAINT `news_poll_id_fk` FOREIGN KEY (`poll_id`) REFERENCES `poll` (`id`);

--
-- Ограничения внешнего ключа таблицы `photo`
--
ALTER TABLE `photo`
  ADD CONSTRAINT `photo_account_id_fk` FOREIGN KEY (`account_id`) REFERENCES `account` (`id`);

--
-- Ограничения внешнего ключа таблицы `poll_answer`
--
ALTER TABLE `poll_answer`
  ADD CONSTRAINT `poll_answer_poll_id_fk` FOREIGN KEY (`poll_id`) REFERENCES `poll` (`id`);

--
-- Ограничения внешнего ключа таблицы `poll_voted`
--
ALTER TABLE `poll_voted`
  ADD CONSTRAINT `poll_voted_account_id_fk` FOREIGN KEY (`account_id`) REFERENCES `account` (`id`),
  ADD CONSTRAINT `poll_voted_poll_answer_id_fk` FOREIGN KEY (`answer_id`) REFERENCES `poll_answer` (`id`),
  ADD CONSTRAINT `poll_voted_poll_id_fk` FOREIGN KEY (`poll_id`) REFERENCES `poll` (`id`);

--
-- Ограничения внешнего ключа таблицы `post`
--
ALTER TABLE `post`
  ADD CONSTRAINT `post_account_id_fk` FOREIGN KEY (`account_from_id`) REFERENCES `account` (`id`),
  ADD CONSTRAINT `post_account_id_fk_2` FOREIGN KEY (`account_to_id`) REFERENCES `account` (`id`),
  ADD CONSTRAINT `post_poll_id_fk` FOREIGN KEY (`poll_id`) REFERENCES `poll` (`id`);

--
-- Ограничения внешнего ключа таблицы `settings`
--
ALTER TABLE `settings`
  ADD CONSTRAINT `settings_privacy_id_fk` FOREIGN KEY (`privacy_id`) REFERENCES `privacy` (`id`);

--
-- Ограничения внешнего ключа таблицы `visit_user`
--
ALTER TABLE `visit_user`
  ADD CONSTRAINT `visit_user_account_id_fk` FOREIGN KEY (`account_id`) REFERENCES `account` (`id`);
COMMIT;

/*!40101 SET CHARACTER_SET_CLIENT=@OLD_CHARACTER_SET_CLIENT */;
/*!40101 SET CHARACTER_SET_RESULTS=@OLD_CHARACTER_SET_RESULTS */;
/*!40101 SET COLLATION_CONNECTION=@OLD_COLLATION_CONNECTION */;
